Hotel,Lat,Lng,Hotel Rating,Vicinity
ClubHouse Hotel & Suites,43.526156,-96.773634,4.7,"2320 S Louise Ave, Sioux Falls"
Holiday Inn Sioux Falls-City Centre,43.5494207,-96.7275791,4.2,"100 W 8th St, Sioux Falls"
Hotel On Phillips Sioux Falls,43.5474766,-96.7266306,4.8,"100 N Phillips Ave, Sioux Falls"
Staybridge Suites Sioux Falls Southwest,43.4963234,-96.7763571,4.6,"4210 W 59th St, Sioux Falls"
Hilton Garden Inn Sioux Falls Downtown,43.5480184,-96.7246516,4.4,"201 E 8th St, Sioux Falls"
Hampton Inn & Suites Southwest/Sioux Falls,43.49053139999999,-96.7705661,4.5,"3701 W Avera Dr, Sioux Falls"
AeroStay Hotel,43.581232,-96.73191899999999,4.4,"2821 N Jaycee Ln, Sioux Falls"
GLo Best Western Dawley Farms In Sioux Falls,43.5355148,-96.6535263,4.4,"1211 S Darryl Pl, Sioux Falls"
Microtel Inn & Suites by Wyndham Sioux Falls,43.5183532,-96.7792087,3.2,"2901 S Carolyn Ave, Sioux Falls"
Hyatt Place Sioux Falls – South,43.524518,-96.78751609999999,4.8,"4935 W Lake Shore Blvd, Sioux Falls"
Best Western Empire Towers,43.51611399999999,-96.77634499999999,4.2,"4100 W Shirley Pl, Sioux Falls"
La Quinta Inn & Suites by Wyndham Sioux Falls,43.5142291,-96.7830606,4.4,"4521 W 41st St, Sioux Falls"
Sheraton Sioux Falls & Convention Center,43.5626068,-96.7482299,4.2,"1211 N W Ave, Sioux Falls"
Holiday Inn Express & Suites Sioux Falls at Empire Mall,43.523147,-96.77767569999999,4.3,"2501 S Shirley Ave, Sioux Falls"
Candlewood Suites Sioux Falls,43.51985699999999,-96.779204,4.6,"2725 S Carolyn Ave, Sioux Falls"
Holiday Inn & Suites Sioux Falls - Airport,43.5652584,-96.7555118,4.4,"2040 W Russell St, Sioux Falls"
"Home2 Suites by Hilton Sioux Falls/ Sanford Medical Center, SD",43.5355303,-96.740574,4.6,"1120 S Grange Ave, Sioux Falls"
Historic Victorian Inn,43.5480812,-96.73460109999999,4.7,"117 N Duluth Ave, Sioux Falls"
Comfort Inn & Suites Avera Southwest,43.4908757,-96.77138629999999,4.6,"3721 W Avera Dr, Sioux Falls"
Econo Lodge North,43.603245,-96.71028299999999,3.1,"5100 N Cliff Ave, Sioux Falls"
